{
    "final_accuracy": 0.24520748325506198,
    "final_loss": 2.0852311705720834,
    "precision": 0.138180414408363,
    "recall": 0.2018467935312723,
    "f1_score": 0.11173526841887219,
    "auc": 0.6710494162628582,
    "number_of_epochs": 50,
    "hidden_channels": 64,
    "dropout_rate": 0.2,
    "learning_rate": 0.0001,
    "weight_decay": 0.0001,
    "heads": 1,
    "use_graphnorm": false,
    "use_third_layer": false,
    "best_epoch": 0,
    "best_f1": 0,
    "early_stopping": false,
    "ID_model": "weight_gat",
    "timestamp": "2025-07-24 19:41:12",
    "num_classes": 10
}