{
    "final_accuracy": 0.3031026252983294,
    "final_loss": 2.0584657942426614,
    "precision": 0.1373066213172652,
    "recall": 0.1837220774476725,
    "f1_score": 0.1304127994645702,
    "auc": 0.6754624876646013,
    "number_of_epochs": 50,
    "hidden_channels": 64,
    "dropout_rate": 0.2,
    "learning_rate": 0.0001,
    "weight_decay": 0.0001,
    "heads": 1,
    "use_graphnorm": false,
    "use_third_layer": false,
    "best_epoch": 0,
    "best_f1": 0,
    "early_stopping": false,
    "ID_model": "weight_gat",
    "timestamp": "2025-07-30 15:12:20",
    "num_classes": 10
}