{
    "final_accuracy": 0.01832319655092771,
    "final_loss": 3.380053110016978,
    "precision": 0.0243094323461797,
    "recall": 0.17252686833066616,
    "f1_score": 0.030299407641186736,
    "auc": 0.6086119468065448,
    "per_class_precision": [
        0.0,
        0.07539682539682539,
        0.09878542510121457,
        0.004293785310734463,
        0.05791505791505792,
        0.0,
        0.0,
        0.0,
        0.006703229737964655,
        0.0
    ],
    "per_class_recall": [
        0.0,
        0.04915912031047866,
        0.3630952380952381,
        0.37254901960784315,
        0.07772020725388601,
        0.0,
        0.0,
        0.0,
        0.8627450980392157,
        0.0
    ],
    "per_class_f1": [
        0.0,
        0.05951448707909162,
        0.15531508593252705,
        0.008489722966934763,
        0.06637168141592921,
        0.0,
        0.0,
        0.0,
        0.013303099017384731,
        0.0
    ],
    "number_of_epochs": 50,
    "hidden_channels": 64,
    "dropout_rate": 0.2,
    "learning_rate": 0.0001,
    "weight_decay": 0.0001,
    "heads": 1,
    "use_graphnorm": false,
    "use_third_layer": false,
    "best_epoch": 30,
    "best_f1": 0.03602453954439551,
    "early_stopping": false,
    "ID_model": "weight_gat",
    "timestamp": "2025-07-31 20:34:03",
    "num_classes": 10
}