{
    "final_accuracy": 0.49996150588959887,
    "final_loss": 1.3666505242509794,
    "precision": 0.26066700629928513,
    "recall": 0.22070684447397793,
    "f1_score": 0.18436644948857064,
    "auc": 0.7527020243977814,
    "per_class_precision": [
        0.25552825552825553,
        0.34841628959276016,
        0.9411764705882353,
        0.0,
        0.0,
        0.7444444444444445,
        0.2232037691401649,
        0.0,
        0.0,
        0.09390083369899078
    ],
    "per_class_recall": [
        0.10009624639076034,
        0.6972833117723156,
        0.09523809523809523,
        0.0,
        0.0,
        0.6259432267337406,
        0.22928009679370842,
        0.0,
        0.0,
        0.4592274678111588
    ],
    "per_class_f1": [
        0.14384508990318118,
        0.4646551724137931,
        0.17297297297297298,
        0.0,
        0.0,
        0.6800702713253953,
        0.22620113398985378,
        0.0,
        0.0,
        0.15591985428051003
    ],
    "number_of_epochs": 50,
    "hidden_channels": 64,
    "dropout_rate": 0.17830756130169348,
    "learning_rate": 0.0002871057066624724,
    "weight_decay": 1.325017748153954e-05,
    "heads": 8,
    "use_graphnorm": true,
    "use_third_layer": false,
    "best_epoch": 29,
    "best_f1": 0.24910658113707213,
    "early_stopping": false,
    "ID_model": "optuna_gat_balanced_5",
    "timestamp": "2025-07-31 21:09:06",
    "num_classes": 10
}