{
    "final_accuracy": 0.1681422742320425,
    "final_loss": 2.0294992640394294,
    "precision": 0.14380968194170415,
    "recall": 0.2901163882309573,
    "f1_score": 0.10617446949779781,
    "auc": 0.7123802217009753,
    "per_class_precision": [
        0.0960989533777355,
        0.11510590858416946,
        0.07116605412629469,
        0.025027203482045703,
        0.08166862514688601,
        0.6805787423483584,
        0.22602739726027396,
        0.051470588235294115,
        0.034482758620689655,
        0.05647058823529412
    ],
    "per_class_recall": [
        0.09720885466794996,
        0.5342820181112549,
        0.6339285714285714,
        0.45098039215686275,
        0.7202072538860104,
        0.14648460893520182,
        0.019963702359346643,
        0.08974358974358974,
        0.1568627450980392,
        0.05150214592274678
    ],
    "per_class_f1": [
        0.09665071770334928,
        0.18940609951845908,
        0.1279663562631421,
        0.04742268041237113,
        0.1467018469656992,
        0.2410802286615415,
        0.03668704836020011,
        0.06542056074766354,
        0.05653710247349823,
        0.05387205387205387
    ],
    "number_of_epochs": 50,
    "hidden_channels": 64,
    "dropout_rate": 0.2,
    "learning_rate": 0.0001,
    "weight_decay": 0.0001,
    "heads": 1,
    "use_graphnorm": false,
    "use_third_layer": false,
    "best_epoch": 10,
    "best_f1": 0.12365485960177047,
    "early_stopping": false,
    "ID_model": "harmony_gcn",
    "timestamp": "2025-07-31 19:17:23",
    "num_classes": 10
}