{
    "final_accuracy": 0.4295172838555701,
    "final_loss": 2.245854665493143,
    "precision": 0.08977163124380028,
    "recall": 0.1264517154211063,
    "f1_score": 0.08904379787469072,
    "auc": 0.7134171720029434,
    "per_class_precision": [
        0.0,
        0.0,
        0.0,
        0.0,
        0.0,
        0.7210343112879165,
        0.17668200115008625,
        0.0,
        0.0,
        0.0
    ],
    "per_class_recall": [
        0.0,
        0.0,
        0.0,
        0.0,
        0.0,
        0.5210204814947897,
        0.7434966727162734,
        0.0,
        0.0,
        0.0
    ],
    "per_class_f1": [
        0.0,
        0.0,
        0.0,
        0.0,
        0.0,
        0.6049228201919066,
        0.2855151585550006,
        0.0,
        0.0,
        0.0
    ],
    "number_of_epochs": 50,
    "hidden_channels": 64,
    "dropout_rate": 0.4377540513066014,
    "learning_rate": 0.007755855527743076,
    "weight_decay": 0.0009325380619234918,
    "heads": 16,
    "use_graphnorm": true,
    "use_third_layer": false,
    "best_epoch": 2,
    "best_f1": 0.15372855570515742,
    "early_stopping": false,
    "ID_model": "optuna_gat_balanced_17",
    "timestamp": "2025-08-01 04:55:34",
    "num_classes": 10
}