{
    "final_accuracy": 0.3029486488567249,
    "final_loss": 1.8097229717400274,
    "precision": 0.21873487681604487,
    "recall": 0.301180572603745,
    "f1_score": 0.19751677601275472,
    "auc": 0.7616817307387113,
    "per_class_precision": [
        0.3399715504978663,
        0.24595323741007194,
        0.34796747967479674,
        0.008450704225352112,
        0.07171314741035857,
        0.8842220598977356,
        0.1851179673321234,
        0.017721518987341773,
        0.022727272727272728,
        0.06350382999752903
    ],
    "per_class_recall": [
        0.2300288739172281,
        0.7076326002587322,
        0.6369047619047619,
        0.058823529411764705,
        0.18652849740932642,
        0.28997484728710027,
        0.12341197822141561,
        0.08974358974358974,
        0.13725490196078433,
        0.5515021459227468
    ],
    "per_class_f1": [
        0.2743972445464983,
        0.3650316983650317,
        0.4500525762355415,
        0.014778325123152709,
        0.10359712230215827,
        0.43672769910706233,
        0.14809437386569874,
        0.02959830866807611,
        0.03899721448467967,
        0.11389319742964768
    ],
    "number_of_epochs": 50,
    "hidden_channels": 64,
    "dropout_rate": 0.41654147448425033,
    "learning_rate": 0.00011990235541277547,
    "weight_decay": 0.0003236540368444085,
    "heads": 16,
    "use_graphnorm": true,
    "use_third_layer": false,
    "best_epoch": 43,
    "best_f1": 0.22308345577065086,
    "early_stopping": false,
    "ID_model": "optuna_gat_balanced_11",
    "timestamp": "2025-08-01 00:48:42",
    "num_classes": 10
}