{
    "final_accuracy": 0.10762953268149973,
    "final_loss": 3.7895822413449216,
    "precision": 0.16779688359092554,
    "recall": 0.22438621318734198,
    "f1_score": 0.08377565733142092,
    "auc": 0.649781119065132,
    "per_class_precision": [
        0.23024054982817868,
        0.20493009565857248,
        0.0718249075215783,
        0.0,
        0.0,
        1.0,
        0.11305822498586772,
        0.0,
        0.0,
        0.05791505791505792
    ],
    "per_class_recall": [
        0.1289701636188643,
        0.720569210866753,
        0.6934523809523809,
        0.0,
        0.0,
        0.00047909929332854237,
        0.12099213551119177,
        0.0,
        0.0,
        0.5793991416309013
    ],
    "per_class_f1": [
        0.16533004318322023,
        0.3191062732741335,
        0.13016759776536313,
        0.0,
        0.0,
        0.0009577397342272237,
        0.11689070718877849,
        0.0,
        0.0,
        0.10530421216848673
    ],
    "number_of_epochs": 50,
    "hidden_channels": 128,
    "dropout_rate": 0.146726578043045,
    "learning_rate": 0.0026563269313614316,
    "weight_decay": 1.633417299357927e-05,
    "heads": 2,
    "use_graphnorm": true,
    "use_third_layer": false,
    "best_epoch": 50,
    "best_f1": 0.08377565733142092,
    "early_stopping": false,
    "ID_model": "optuna_gat_balanced_3",
    "timestamp": "2025-07-31 20:32:59",
    "num_classes": 10
}