{
    "final_accuracy": 0.17299253214258217,
    "final_loss": 2.1214507821158235,
    "precision": 0.18383776178747174,
    "recall": 0.3462500177300053,
    "f1_score": 0.10715663867908456,
    "auc": 0.7509138457005453,
    "per_class_precision": [
        0.5178571428571429,
        0.12518660695244188,
        0.1094853683148335,
        0.0205761316872428,
        0.09108527131782945,
        0.8622881355932204,
        0.0,
        0.04720616570327553,
        0.0262891809908999,
        0.038403614457831324
    ],
    "per_class_recall": [
        0.02791145332050048,
        0.759379042690815,
        0.6458333333333334,
        0.39215686274509803,
        0.24352331606217617,
        0.14624505928853754,
        0.0,
        0.6282051282051282,
        0.5098039215686274,
        0.10944206008583691
    ],
    "per_class_f1": [
        0.052968036529680365,
        0.214939582570487,
        0.18723037100949094,
        0.039100684261974585,
        0.1325811001410437,
        0.2500768049155146,
        0.0,
        0.08781362007168458,
        0.05,
        0.056856187290969896
    ],
    "number_of_epochs": 50,
    "hidden_channels": 64,
    "dropout_rate": 0.2,
    "learning_rate": 0.0001,
    "weight_decay": 0.0001,
    "heads": 1,
    "use_graphnorm": false,
    "use_third_layer": false,
    "best_epoch": 13,
    "best_f1": 0.13361358603884085,
    "early_stopping": false,
    "ID_model": "harmony_gat",
    "timestamp": "2025-07-31 19:44:18",
    "num_classes": 10
}