{
    "final_accuracy": 0.4130418046038956,
    "final_loss": 1.5431343739843133,
    "precision": 0.22642902395820425,
    "recall": 0.3152467587115525,
    "f1_score": 0.2328569584502412,
    "auc": 0.7684269061592717,
    "per_class_precision": [
        0.3312368972746331,
        0.3392293114339861,
        0.42771084337349397,
        0.013513513513513514,
        0.08637469586374696,
        0.8100150440575973,
        0.17767362590541116,
        0.017964071856287425,
        0.011659192825112108,
        0.04891304347826087
    ],
    "per_class_recall": [
        0.3041385948026949,
        0.6946959896507116,
        0.6339285714285714,
        0.0392156862745098,
        0.36787564766839376,
        0.451431309138819,
        0.25226860254083483,
        0.11538461538461539,
        0.2549019607843137,
        0.03862660944206009
    ],
    "per_class_f1": [
        0.3171098845960863,
        0.45585738539898135,
        0.5107913669064749,
        0.020100502512562814,
        0.1399014778325123,
        0.5797569604676204,
        0.2085,
        0.031088082901554404,
        0.022298456260720412,
        0.04316546762589928
    ],
    "number_of_epochs": 50,
    "hidden_channels": 64,
    "dropout_rate": 0.4727979315246648,
    "learning_rate": 6.149354802207489e-05,
    "weight_decay": 0.0001945079005489874,
    "heads": 16,
    "use_graphnorm": true,
    "use_third_layer": false,
    "best_epoch": 48,
    "best_f1": 0.23331212210569108,
    "early_stopping": false,
    "ID_model": "optuna_gat_balanced_14",
    "timestamp": "2025-08-01 02:58:48",
    "num_classes": 10
}