{
    "final_accuracy": 0.41319578104550003,
    "final_loss": 1.7291174139001686,
    "precision": 0.3328128399115801,
    "recall": 0.15449356320525437,
    "f1_score": 0.1348826348229608,
    "auc": 0.6984710466316576,
    "per_class_precision": [
        0.5384615384615384,
        0.6266666666666667,
        1.0,
        0.0,
        0.1111111111111111,
        0.7560879811468971,
        0.1789179848464708,
        0.0,
        0.0,
        0.11688311688311688
    ],
    "per_class_recall": [
        0.0741097208854668,
        0.06080206985769728,
        0.11011904761904762,
        0.0,
        0.0051813471502590676,
        0.461133069828722,
        0.8142770719903206,
        0.0,
        0.0,
        0.019313304721030045
    ],
    "per_class_f1": [
        0.13028764805414553,
        0.11084905660377359,
        0.19839142091152814,
        0.0,
        0.009900990099009901,
        0.5728740421099621,
        0.2933740191804708,
        0.0,
        0.0,
        0.03314917127071823
    ],
    "number_of_epochs": 50,
    "hidden_channels": 64,
    "dropout_rate": 0.39924823045239727,
    "learning_rate": 9.758891761535278e-05,
    "weight_decay": 0.0009146924897117686,
    "heads": 16,
    "use_graphnorm": true,
    "use_third_layer": false,
    "best_epoch": 35,
    "best_f1": 0.26091837464235723,
    "early_stopping": false,
    "ID_model": "optuna_gat_balanced_13",
    "timestamp": "2025-08-01 02:14:54",
    "num_classes": 10
}