{
    "final_accuracy": 0.46377704211255677,
    "final_loss": 4.0149783466396665,
    "precision": 0.0921155190091001,
    "recall": 0.13668207218704698,
    "f1_score": 0.09588306943886134,
    "auc": 0.7755603115494896,
    "per_class_precision": [
        0.0,
        0.0,
        0.0,
        0.0,
        0.0,
        0.713699254979474,
        0.20745593511152707,
        0.0,
        0.0,
        0.0
    ],
    "per_class_recall": [
        0.0,
        0.0,
        0.0,
        0.0,
        0.0,
        0.5622230207210445,
        0.8045977011494253,
        0.0,
        0.0,
        0.0
    ],
    "per_class_f1": [
        0.0,
        0.0,
        0.0,
        0.0,
        0.0,
        0.6289695832775023,
        0.3298611111111111,
        0.0,
        0.0,
        0.0
    ],
    "number_of_epochs": 200,
    "hidden_channels": 64,
    "dropout_rate": 0.42000696382762087,
    "learning_rate": 8.614650629597561e-05,
    "weight_decay": 0.0006324263287916341,
    "heads": 16,
    "use_graphnorm": true,
    "use_third_layer": true,
    "best_epoch": 16,
    "best_f1": 0.24148324833953638,
    "early_stopping": false,
    "ID_model": "final_configuration_2",
    "timestamp": "2025-08-02 22:58:56",
    "num_classes": 10,
    "use_adamW": true,
    "model_type": "gat",
    "feature_selection": "target",
    "loss_weight": false,
    "use_balanced_sampling": true,
    "use_focal_loss": true,
    "focal_alpha": 1.508635043891063,
    "focal_gamma": 3.9810245669919926,
    "use_data_balancing": true,
    "target_samples_per_class": 5000,
    "max_oversampling_ratio": 1.5296994916570261
}