{
    "final_accuracy": 0.1355762568327046,
    "final_loss": 5.37029187124351,
    "precision": 0.1361491602321784,
    "recall": 0.16704246341490686,
    "f1_score": 0.06550710670177586,
    "auc": 0.634392797573401,
    "per_class_precision": [
        0.17005163511187607,
        0.1089125655335701,
        0.0,
        0.0,
        0.0,
        0.9393939393939394,
        0.14313346228239845,
        0.0,
        0.0,
        0.0
    ],
    "per_class_recall": [
        0.4754571703561116,
        0.833117723156533,
        0.0,
        0.0,
        0.0,
        0.003713019523296203,
        0.35813672111312767,
        0.0,
        0.0,
        0.0
    ],
    "per_class_f1": [
        0.25050709939148075,
        0.19264134011367035,
        0.0,
        0.0,
        0.0,
        0.007396802672393224,
        0.2045258248402142,
        0.0,
        0.0,
        0.0
    ],
    "number_of_epochs": 50,
    "hidden_channels": 128,
    "dropout_rate": 0.30671613109302287,
    "learning_rate": 0.003172571912123149,
    "weight_decay": 1.1353225701898441e-05,
    "heads": 2,
    "use_graphnorm": true,
    "use_third_layer": false,
    "best_epoch": 37,
    "best_f1": 0.09065718801101763,
    "early_stopping": false,
    "ID_model": "optuna_gat_balanced_2",
    "timestamp": "2025-07-31 20:18:25",
    "num_classes": 10
}