{
    "final_accuracy": 0.0766802679190084,
    "final_loss": 3.47735552776036,
    "precision": 0.12607752011756643,
    "recall": 0.19280222747787454,
    "f1_score": 0.0446543606005355,
    "auc": 0.6173828007116493,
    "per_class_precision": [
        1.0,
        0.14248788368336027,
        0.06715425531914894,
        0.0,
        0.0,
        0.0,
        0.0,
        0.0,
        0.0,
        0.05113306217315514
    ],
    "per_class_recall": [
        0.0009624639076034649,
        0.5705045278137129,
        0.6011904761904762,
        0.0,
        0.0,
        0.0,
        0.0,
        0.0,
        0.0,
        0.7553648068669528
    ],
    "per_class_f1": [
        0.0019230769230769232,
        0.2280248190279214,
        0.12081339712918661,
        0.0,
        0.0,
        0.0,
        0.0,
        0.0,
        0.0,
        0.09578231292517007
    ],
    "number_of_epochs": 50,
    "hidden_channels": 64,
    "dropout_rate": 0.2278703783251142,
    "learning_rate": 0.0009492761678991325,
    "weight_decay": 2.5601840447550572e-06,
    "heads": 1,
    "use_graphnorm": true,
    "use_third_layer": false,
    "best_epoch": 47,
    "best_f1": 0.04573474681170599,
    "early_stopping": false,
    "ID_model": "optuna_gat_balanced_0",
    "timestamp": "2025-07-31 19:28:08",
    "num_classes": 10
}