Epoch,Loss,Train Accuracy,Train Macro F1,Test Accuracy,Test Macro F1,Test Loss,Min Class F1,Max Class F1
1,2.296296762364377,0.0517765715825538,0.03257473749350358,0.04834860266379244,0.029946206834524626,2.273463921593915,0.0,0.1806853582554517
