{
    "final_accuracy": 0.17961351913157286,
    "final_loss": 2.326618168594802,
    "precision": 0.11295287328262185,
    "recall": 0.17207368609766183,
    "f1_score": 0.07087206321485878,
    "auc": 0.6185631468294549,
    "per_class_precision": [
        0.12704309063893016,
        0.11278195488721804,
        0.0,
        0.009485094850948509,
        0.030220610456331218,
        0.7898140662894099,
        0.0,
        0.010192525481313703,
        0.007534983853606028,
        0.04245640636846096
    ],
    "per_class_recall": [
        0.1645813282001925,
        0.019404915912031046,
        0.0,
        0.13725490196078433,
        0.5181347150259067,
        0.23404000479099293,
        0.0,
        0.11538461538461539,
        0.4117647058823529,
        0.12017167381974249
    ],
    "per_class_f1": [
        0.14339622641509434,
        0.033112582781456956,
        0.0,
        0.017743979721166033,
        0.05711022272986865,
        0.36108287905386677,
        0.0,
        0.018730489073881373,
        0.014799154334038054,
        0.06274509803921569
    ],
    "number_of_epochs": 50,
    "hidden_channels": 64,
    "dropout_rate": 0.2,
    "learning_rate": 0.0001,
    "weight_decay": 0.0001,
    "heads": 1,
    "use_graphnorm": false,
    "use_third_layer": false,
    "best_epoch": 4,
    "best_f1": 0.08434935678959074,
    "early_stopping": false,
    "ID_model": "AdamW_gcn",
    "timestamp": "2025-07-31 20:56:37",
    "num_classes": 10
}