{
    "final_accuracy": 0.20409577334667794,
    "final_loss": 2.1951963945562616,
    "precision": 0.1535910086782042,
    "recall": 0.23151493886382193,
    "f1_score": 0.10195271355315798,
    "auc": 0.6710372739366101,
    "per_class_precision": [
        0.17490494296577946,
        0.1473198438054668,
        0.0958904109589041,
        0.002380952380952381,
        0.04580666891209161,
        0.8164975738861933,
        0.168,
        0.017045454545454544,
        0.006799417192812044,
        0.06126482213438735
    ],
    "per_class_recall": [
        0.04427333974975938,
        0.536869340232859,
        0.3958333333333333,
        0.0196078431372549,
        0.7046632124352331,
        0.22170319798778296,
        0.012704174228675136,
        0.038461538461538464,
        0.27450980392156865,
        0.06652360515021459
    ],
    "per_class_f1": [
        0.0706605222734255,
        0.23119777158774374,
        0.1543818920487522,
        0.004246284501061571,
        0.08602150537634409,
        0.3487189148455162,
        0.023622047244094488,
        0.023622047244094488,
        0.013270142180094787,
        0.06378600823045268
    ],
    "number_of_epochs": 50,
    "hidden_channels": 64,
    "dropout_rate": 0.2,
    "learning_rate": 0.0001,
    "weight_decay": 0.0001,
    "heads": 1,
    "use_graphnorm": false,
    "use_third_layer": false,
    "best_epoch": 1,
    "best_f1": 0.10496087279155922,
    "early_stopping": false,
    "ID_model": "baseline_gat",
    "timestamp": "2025-07-31 18:06:20",
    "num_classes": 10
}