{
    "final_accuracy": 0.08045269073831704,
    "final_loss": 2.321165527469419,
    "precision": 0.1628049744776053,
    "recall": 0.3238115596124731,
    "f1_score": 0.08896989378581346,
    "auc": 0.7261614267429954,
    "per_class_precision": [
        0.14736164736164736,
        0.12158469945355191,
        0.1482084690553746,
        0.025806451612903226,
        0.03531550246689172,
        0.8075601374570447,
        0.24334600760456274,
        0.022900763358778626,
        0.011089108910891089,
        0.06487695749440715
    ],
    "per_class_recall": [
        0.22040423484119345,
        0.11513583441138421,
        0.5416666666666666,
        0.8627450980392157,
        0.7046632124352331,
        0.028147083483051862,
        0.03871748336358137,
        0.11538461538461539,
        0.5490196078431373,
        0.06223175965665236
    ],
    "per_class_f1": [
        0.17662938681064405,
        0.11827242524916944,
        0.23273657289002558,
        0.05011389521640091,
        0.06726013847675569,
        0.05439814814814815,
        0.06680584551148225,
        0.03821656050955414,
        0.021739130434782608,
        0.06352683461117196
    ],
    "number_of_epochs": 50,
    "hidden_channels": 64,
    "dropout_rate": 0.2,
    "learning_rate": 0.0001,
    "weight_decay": 0.0001,
    "heads": 1,
    "use_graphnorm": false,
    "use_third_layer": false,
    "best_epoch": 41,
    "best_f1": 0.10678110795859859,
    "early_stopping": false,
    "ID_model": "combat_gat",
    "timestamp": "2025-07-31 18:55:14",
    "num_classes": 10
}