{
    "final_accuracy": 0.6380783740087766,
    "final_loss": 1.2531322158616165,
    "precision": 0.08859737067801725,
    "recall": 0.10407270135802053,
    "f1_score": 0.08694942921928404,
    "auc": 0.6705227932370785,
    "number_of_epochs": 50,
    "hidden_channels": 64,
    "dropout_rate": 0.2,
    "learning_rate": 0.0001,
    "weight_decay": 0.0001,
    "heads": 1,
    "use_graphnorm": true,
    "use_third_layer": false,
    "best_epoch": 0,
    "best_f1": 0,
    "early_stopping": false,
    "ID_model": "GraphNorm_gcn",
    "timestamp": "2025-07-30 16:29:34",
    "num_classes": 10
}