{
    "final_accuracy": 0.09261682962506737,
    "final_loss": 2.4415862999232534,
    "precision": 0.1270991952458043,
    "recall": 0.17430664494527476,
    "f1_score": 0.05536553645340654,
    "auc": 0.6457303182388077,
    "per_class_precision": [
        0.08952891270372851,
        0.13013698630136986,
        0.10030395136778116,
        0.004366812227074236,
        0.03035143769968051,
        0.8567208271787297,
        0.0,
        0.0,
        0.008992805755395683,
        0.050590219224283306
    ],
    "per_class_recall": [
        0.3859480269489894,
        0.02457956015523933,
        0.09821428571428571,
        0.0196078431372549,
        0.5906735751295337,
        0.06946939753263864,
        0.0,
        0.0,
        0.49019607843137253,
        0.06437768240343347
    ],
    "per_class_f1": [
        0.14534251540413193,
        0.041349292709466814,
        0.09924812030075188,
        0.007142857142857143,
        0.0577361357305647,
        0.12851761577664525,
        0.0,
        0.0,
        0.017661603673613566,
        0.056657223796033995
    ],
    "number_of_epochs": 50,
    "hidden_channels": 64,
    "dropout_rate": 0.2,
    "learning_rate": 0.0001,
    "weight_decay": 0.0001,
    "heads": 1,
    "use_graphnorm": true,
    "use_third_layer": false,
    "best_epoch": 22,
    "best_f1": 0.07209738203193321,
    "early_stopping": false,
    "ID_model": "GraphNorm_gcn",
    "timestamp": "2025-07-31 21:51:54",
    "num_classes": 10
}