{
    "final_accuracy": 0.20409577334667794,
    "final_loss": 2.0848695430262336,
    "precision": 0.1825828263917559,
    "recall": 0.2813541253145532,
    "f1_score": 0.12171768976397734,
    "auc": 0.698181669733689,
    "per_class_precision": [
        0.2648752399232246,
        0.2054093567251462,
        0.13630653266331658,
        0.0,
        0.06010568031704095,
        0.8163054695562435,
        0.2857142857142857,
        0.008208955223880597,
        0.008449669360764144,
        0.040453074433656956
    ],
    "per_class_recall": [
        0.13282001924927817,
        0.7270375161707633,
        0.6458333333333334,
        0.0,
        0.47150259067357514,
        0.1894837705114385,
        0.0012099213551119178,
        0.14102564102564102,
        0.45098039215686275,
        0.0536480686695279
    ],
    "per_class_f1": [
        0.17692307692307693,
        0.3203191792533485,
        0.22510373443983403,
        0.0,
        0.10661980082015231,
        0.3075726645280451,
        0.0024096385542168677,
        0.015514809590973202,
        0.016588532275513886,
        0.046125461254612546
    ],
    "number_of_epochs": 50,
    "hidden_channels": 128,
    "dropout_rate": 0.4791090115582539,
    "learning_rate": 2.7781828385770712e-05,
    "weight_decay": 1.073471548064944e-05,
    "heads": 8,
    "use_graphnorm": true,
    "use_third_layer": false,
    "best_epoch": 50,
    "best_f1": 0.12171768976397734,
    "early_stopping": false,
    "ID_model": "optuna_gat_balanced_6",
    "timestamp": "2025-07-31 21:43:58",
    "num_classes": 10
}