{
    "final_accuracy": 0.24282084841019325,
    "final_loss": 2.093749677606404,
    "precision": 0.15031260202672542,
    "recall": 0.23242919720362729,
    "f1_score": 0.10908810632549633,
    "auc": 0.6751097659551815,
    "per_class_precision": [
        0.16568047337278108,
        0.15468607825295724,
        0.09607250755287008,
        0.00683371298405467,
        0.05415860735009671,
        0.8006611570247933,
        0.16113744075829384,
        0.0,
        0.007599746675110829,
        0.056296296296296296
    ],
    "per_class_recall": [
        0.026948989412897015,
        0.4398447606727037,
        0.4732142857142857,
        0.17647058823529413,
        0.5803108808290155,
        0.2900946221104324,
        0.0205686630369026,
        0.0,
        0.23529411764705882,
        0.0815450643776824
    ],
    "per_class_f1": [
        0.046357615894039736,
        0.2288791652642208,
        0.15971873430436967,
        0.013157894736842105,
        0.09907120743034056,
        0.4258835941621241,
        0.03648068669527897,
        0.0,
        0.014723926380368098,
        0.06660823838737949
    ],
    "number_of_epochs": 50,
    "hidden_channels": 64,
    "dropout_rate": 0.2,
    "learning_rate": 0.0001,
    "weight_decay": 0.0001,
    "heads": 1,
    "use_graphnorm": false,
    "use_third_layer": false,
    "best_epoch": 49,
    "best_f1": 0.11882926680184384,
    "early_stopping": false,
    "ID_model": "AdamW_gat",
    "timestamp": "2025-07-31 21:24:01",
    "num_classes": 10
}