{
    "final_accuracy": 0.26337670336438523,
    "final_loss": 2.0432458505254663,
    "precision": 0.21295903789593643,
    "recall": 0.3222123944610592,
    "f1_score": 0.1745973137391774,
    "auc": 0.7313322239818071,
    "per_class_precision": [
        0.32230215827338127,
        0.2879663688912244,
        0.26097560975609757,
        0.011034482758620689,
        0.058403634003893576,
        0.8589292692457992,
        0.20930232558139536,
        0.0034602076124567475,
        0.008663691257547913,
        0.10855263157894737
    ],
    "per_class_recall": [
        0.21559191530317612,
        0.7089262613195343,
        0.6369047619047619,
        0.1568627450980392,
        0.46632124352331605,
        0.263265061684034,
        0.043557168784029036,
        0.01282051282051282,
        0.6470588235294118,
        0.07081545064377683
    ],
    "per_class_f1": [
        0.25836216839677045,
        0.40956651718983555,
        0.370242214532872,
        0.020618556701030927,
        0.10380622837370242,
        0.403006967363403,
        0.07210816224336505,
        0.005449591280653951,
        0.01709844559585492,
        0.08571428571428572
    ],
    "number_of_epochs": 50,
    "hidden_channels": 32,
    "dropout_rate": 0.4998435798979827,
    "learning_rate": 4.4468820708219275e-05,
    "weight_decay": 9.810325440019974e-05,
    "heads": 16,
    "use_graphnorm": true,
    "use_third_layer": false,
    "best_epoch": 48,
    "best_f1": 0.18825654679441747,
    "early_stopping": false,
    "ID_model": "optuna_gat_balanced_15",
    "timestamp": "2025-08-01 03:25:30",
    "num_classes": 10
}