{
    "final_accuracy": 0.16336900454230502,
    "final_loss": 3.3812043936969025,
    "precision": 0.09924361350790836,
    "recall": 0.15018930434479383,
    "f1_score": 0.0591061041494428,
    "auc": 0.6087357063722758,
    "per_class_precision": [
        0.08607198748043818,
        0.0,
        0.0,
        0.0,
        0.031062874251497005,
        0.8184092046023012,
        0.0,
        0.0,
        0.006590257879656161,
        0.05030181086519115
    ],
    "per_class_recall": [
        0.3176130895091434,
        0.0,
        0.0,
        0.0,
        0.43005181347150256,
        0.1959516109713738,
        0.0,
        0.0,
        0.45098039215686275,
        0.1072961373390558
    ],
    "per_class_f1": [
        0.13544018058690746,
        0.0,
        0.0,
        0.0,
        0.05794066317626527,
        0.3161963664476227,
        0.0,
        0.0,
        0.012990680598700932,
        0.0684931506849315
    ],
    "number_of_epochs": 50,
    "hidden_channels": 64,
    "dropout_rate": 0.2,
    "learning_rate": 0.0001,
    "weight_decay": 0.0001,
    "heads": 1,
    "use_graphnorm": false,
    "use_third_layer": false,
    "best_epoch": 5,
    "best_f1": 0.08183058242070805,
    "early_stopping": false,
    "ID_model": "balanced_gcn",
    "timestamp": "2025-07-31 22:43:12",
    "num_classes": 10
}