{
    "final_accuracy": 0.6451612903225806,
    "final_loss": 1.1420879065990448,
    "precision": 0.2107487651586859,
    "recall": 0.1388905875700385,
    "f1_score": 0.12964751778130712,
    "auc": 0.7332239383250273,
    "number_of_epochs": 50,
    "hidden_channels": 64,
    "dropout_rate": 0.2,
    "learning_rate": 0.0001,
    "weight_decay": 0.0001,
    "heads": 1,
    "use_graphnorm": true,
    "use_third_layer": false,
    "best_epoch": 0,
    "best_f1": 0,
    "early_stopping": false,
    "ID_model": "GraphNorm_gat",
    "timestamp": "2025-07-24 20:39:34",
    "num_classes": 10
}