{
    "final_accuracy": 0.21756871198706598,
    "final_loss": 2.0885350438467976,
    "precision": 0.19536078514174707,
    "recall": 0.29450077309179656,
    "f1_score": 0.13760438938114786,
    "auc": 0.72232316037776,
    "per_class_precision": [
        0.40262172284644193,
        0.2195540308747856,
        0.11228945726762321,
        0.009259259259259259,
        0.057210401891252954,
        0.8535091851154027,
        0.22077922077922077,
        0.013043478260869565,
        0.009644892590968873,
        0.05569620253164557
    ],
    "per_class_recall": [
        0.20692974013474494,
        0.49676584734799484,
        0.5357142857142857,
        0.3137254901960784,
        0.6269430051813472,
        0.21703197987782968,
        0.030852994555353903,
        0.038461538461538464,
        0.43137254901960786,
        0.04721030042918455
    ],
    "per_class_f1": [
        0.2733630006357279,
        0.3045202220459952,
        0.18566271273852503,
        0.017987633501967398,
        0.1048526863084922,
        0.3460656990068755,
        0.054140127388535034,
        0.01948051948051948,
        0.018867924528301886,
        0.05110336817653891
    ],
    "number_of_epochs": 50,
    "hidden_channels": 64,
    "dropout_rate": 0.2,
    "learning_rate": 0.0001,
    "weight_decay": 0.0001,
    "heads": 1,
    "use_graphnorm": true,
    "use_third_layer": false,
    "best_epoch": 50,
    "best_f1": 0.13760438938114786,
    "early_stopping": false,
    "ID_model": "GraphNorm_gat",
    "timestamp": "2025-07-31 22:24:27",
    "num_classes": 10
}