{
    "final_accuracy": 0.8,
    "final_loss": 1.5422258377075195,
    "precision": 0.4,
    "recall": 0.5,
    "f1_score": 0.4444444444444444,
    "auc": null,
    "number_of_epochs": 2,
    "hidden_channels": 32,
    "dropout_rate": 0.24219651158703365,
    "learning_rate": 0.0003580248353362841,
    "weight_decay": 2.9968481891924608e-06,
    "heads": 2,
    "use_graphnorm": true,
    "use_third_layer": false,
    "best_epoch": 1,
    "best_f1": 0.4444444444444444,
    "early_stopping": false,
    "ID_model": "optuna_test_0",
    "timestamp": "2025-07-23 17:44:43",
    "num_classes": 6
}