Epoch,Loss,Train Accuracy,Train Macro F1,Test Accuracy,Test Macro F1,Test Loss
1,1.6371686855951946,0.8,0.4444444444444444,0.8,0.4444444444444444,1.5834217071533203
2,1.6069676478703816,0.8,0.4444444444444444,0.8,0.4444444444444444,1.5422258377075195
