Epoch,Loss,Train Accuracy,Train Macro F1,Test Accuracy,Test Macro F1,Test Loss,Min Class F1,Max Class F1
1,1.6969054745042265,0.005042922585363976,0.008006144860798202,0.005928093001770729,0.010433702164815288,3.403330053014708,0.0,0.05994550408719346
2,1.6010972698187005,0.02763983523886515,0.036610710149819516,0.02640695973516052,0.03622474966506742,3.1026228798434063,0.0,0.15119916579770595
3,1.54013542985094,0.04621395850175155,0.057764026026616545,0.043421356532450536,0.053257012868136486,3.0459730058468035,0.0,0.18004722550177096
