{
    "final_accuracy": 0.3800138578797444,
    "final_loss": 1.6414882285254342,
    "precision": 0.25547426997428047,
    "recall": 0.3087732835030649,
    "f1_score": 0.23302716237426507,
    "auc": 0.7706416115321315,
    "per_class_precision": [
        0.46799116997792495,
        0.3277777777777778,
        0.4539614561027837,
        0.012106537530266344,
        0.10443864229765012,
        0.8651406508549365,
        0.18625,
        0.005208333333333333,
        0.01282051282051282,
        0.11904761904761904
    ],
    "per_class_recall": [
        0.20404234841193455,
        0.6869340232858991,
        0.6309523809523809,
        0.19607843137254902,
        0.20725388601036268,
        0.37573362079290934,
        0.45069570477918935,
        0.02564102564102564,
        0.23529411764705882,
        0.07510729613733906
    ],
    "per_class_f1": [
        0.28418230563002683,
        0.4437944003343084,
        0.5280199252801993,
        0.02280501710376283,
        0.1388888888888889,
        0.5239248434237996,
        0.26357686184326906,
        0.008658008658008658,
        0.0243161094224924,
        0.09210526315789473
    ],
    "number_of_epochs": 50,
    "hidden_channels": 64,
    "dropout_rate": 0.43453475015561954,
    "learning_rate": 5.68574366676948e-05,
    "weight_decay": 0.0001666555882073004,
    "heads": 16,
    "use_graphnorm": true,
    "use_third_layer": false,
    "best_epoch": 47,
    "best_f1": 0.2470583341398244,
    "early_stopping": false,
    "ID_model": "optuna_gat_balanced_16",
    "timestamp": "2025-08-01 04:10:14",
    "num_classes": 10
}