{
    "final_accuracy": 0.18862114096543228,
    "final_loss": 2.111854280157042,
    "precision": 0.15929771790005448,
    "recall": 0.2668198696703815,
    "f1_score": 0.11138593666323811,
    "auc": 0.7028513850825927,
    "per_class_precision": [
        0.3008130081300813,
        0.19595058339052848,
        0.14145383104125736,
        0.006261740763932373,
        0.05955334987593052,
        0.8138121546961326,
        0.0,
        0.012422360248447204,
        0.0069065794256633955,
        0.05580357142857143
    ],
    "per_class_recall": [
        0.0356111645813282,
        0.7386804657179818,
        0.6428571428571429,
        0.19607843137254902,
        0.37305699481865284,
        0.17642831476823573,
        0.0,
        0.02564102564102564,
        0.37254901960784315,
        0.1072961373390558
    ],
    "per_class_f1": [
        0.06368330464716007,
        0.3097369134797939,
        0.2318840579710145,
        0.012135922330097087,
        0.10271041369472182,
        0.28998917216261444,
        0.0,
        0.016736401673640166,
        0.013561741613133477,
        0.07342143906020558
    ],
    "number_of_epochs": 50,
    "hidden_channels": 64,
    "dropout_rate": 0.3378030124526543,
    "learning_rate": 1.243331036160677e-05,
    "weight_decay": 0.0001232323645740445,
    "heads": 16,
    "use_graphnorm": true,
    "use_third_layer": false,
    "best_epoch": 49,
    "best_f1": 0.1167852149300059,
    "early_stopping": false,
    "ID_model": "optuna_gat_balanced_18",
    "timestamp": "2025-08-01 05:40:26",
    "num_classes": 10
}