{
    "final_accuracy": 0.0040803757025175144,
    "final_loss": 3.476604178914883,
    "precision": 0.000897031605693023,
    "recall": 0.10392156862745099,
    "f1_score": 0.0016813472362893719,
    "auc": 0.5321919315890054,
    "per_class_precision": [
        0.0,
        0.0,
        0.0,
        0.004914004914004914,
        0.0,
        0.0,
        0.0,
        0.0,
        0.0040563111429253165,
        0.0
    ],
    "per_class_recall": [
        0.0,
        0.0,
        0.0,
        0.0392156862745098,
        0.0,
        0.0,
        0.0,
        0.0,
        1.0,
        0.0
    ],
    "per_class_f1": [
        0.0,
        0.0,
        0.0,
        0.008733624454148471,
        0.0,
        0.0,
        0.0,
        0.0,
        0.008079847908745247,
        0.0
    ],
    "number_of_epochs": 50,
    "hidden_channels": 32,
    "dropout_rate": 0.2938517459650046,
    "learning_rate": 1.767575974130042e-05,
    "weight_decay": 1.3989365401806624e-06,
    "heads": 4,
    "use_graphnorm": true,
    "use_third_layer": false,
    "best_epoch": 32,
    "best_f1": 0.0025863859457394924,
    "early_stopping": false,
    "ID_model": "optuna_gat_balanced_4",
    "timestamp": "2025-07-31 20:47:49",
    "num_classes": 10
}