{
    "final_accuracy": 0.4880283316652552,
    "final_loss": 1.3709338783410383,
    "precision": 0.3089244916125572,
    "recall": 0.3720069250097052,
    "f1_score": 0.28961968268907123,
    "auc": 0.815699010724131,
    "per_class_precision": [
        0.4665127020785219,
        0.7464985994397759,
        0.45454545454545453,
        0.021520803443328552,
        0.060351413292589765,
        0.8886283704572099,
        0.32095343680709537,
        0.02028397565922921,
        0.017369727047146403,
        0.09258043335521995
    ],
    "per_class_recall": [
        0.1944177093358999,
        0.6895213454075032,
        0.6696428571428571,
        0.29411764705882354,
        0.40932642487046633,
        0.5447358965145527,
        0.3502722323049002,
        0.1282051282051282,
        0.13725490196078433,
        0.30257510729613735
    ],
    "per_class_f1": [
        0.27445652173913043,
        0.7168796234028245,
        0.5415162454873647,
        0.040106951871657755,
        0.1051930758988016,
        0.675428826019158,
        0.33497251952560025,
        0.03502626970227671,
        0.030837004405286344,
        0.14177978883861236
    ],
    "number_of_epochs": 100,
    "hidden_channels": 256,
    "dropout_rate": 0.4,
    "learning_rate": 0.0005,
    "weight_decay": 1e-05,
    "heads": 8,
    "use_graphnorm": true,
    "use_third_layer": true,
    "best_epoch": 28,
    "best_f1": 0.29108487898473856,
    "early_stopping": true,
    "ID_model": "aggressive_balanced_gat",
    "timestamp": "2025-07-31 02:35:05",
    "num_classes": 10
}