{
    "final_accuracy": 0.3438293941027023,
    "final_loss": 1.9933033720613114,
    "precision": 0.14183351920934334,
    "recall": 0.20234679446091483,
    "f1_score": 0.13347009144262378,
    "auc": 0.7146299182462421,
    "per_class_precision": [
        0.2089160839160839,
        0.2217339192968438,
        0.0,
        0.0,
        0.0,
        0.8111217641418984,
        0.17656342473860723,
        0.0,
        0.0,
        0.0
    ],
    "per_class_recall": [
        0.4600577478344562,
        0.7179818887451488,
        0.0,
        0.0,
        0.0,
        0.3039885016169601,
        0.5414398064125832,
        0.0,
        0.0,
        0.0
    ],
    "per_class_f1": [
        0.28734595731890594,
        0.33882783882783885,
        0.0,
        0.0,
        0.0,
        0.4422373235755358,
        0.26628979470395714,
        0.0,
        0.0,
        0.0
    ],
    "number_of_epochs": 50,
    "hidden_channels": 128,
    "dropout_rate": 0.17142996226470014,
    "learning_rate": 0.0010830060997716556,
    "weight_decay": 2.6933292138462817e-06,
    "heads": 1,
    "use_graphnorm": true,
    "use_third_layer": false,
    "best_epoch": 13,
    "best_f1": 0.1579559926101463,
    "early_stopping": false,
    "ID_model": "optuna_gat_balanced_9",
    "timestamp": "2025-07-31 23:39:22",
    "num_classes": 10
}