{
    "final_accuracy": 0.15366848872122565,
    "final_loss": 2.1577492012766193,
    "precision": 0.1561936734196722,
    "recall": 0.3073103854011521,
    "f1_score": 0.0982217849300084,
    "auc": 0.7057531658257538,
    "per_class_precision": [
        0.22077922077922077,
        0.12215166230855436,
        0.0702247191011236,
        0.025556471558120363,
        0.07308467741935484,
        0.7159162967660114,
        0.22875816993464052,
        0.02643171806167401,
        0.011876484560570071,
        0.0671573137074517
    ],
    "per_class_recall": [
        0.032723772858517804,
        0.4230271668822768,
        0.5952380952380952,
        0.6078431372549019,
        0.7512953367875648,
        0.13522577554198106,
        0.02117362371445856,
        0.15384615384615385,
        0.19607843137254902,
        0.15665236051502146
    ],
    "per_class_f1": [
        0.05699916177703269,
        0.18956521739130436,
        0.12562814070351758,
        0.0490506329113924,
        0.133210840606339,
        0.22748337698972396,
        0.03875968992248062,
        0.045112781954887216,
        0.022396416573348264,
        0.09401159047005796
    ],
    "number_of_epochs": 50,
    "hidden_channels": 64,
    "dropout_rate": 0.2,
    "learning_rate": 0.0001,
    "weight_decay": 0.0001,
    "heads": 1,
    "use_graphnorm": false,
    "use_third_layer": false,
    "best_epoch": 45,
    "best_f1": 0.12300134209492453,
    "early_stopping": false,
    "ID_model": "combat_gcn",
    "timestamp": "2025-07-31 18:28:23",
    "num_classes": 10
}