{
    "final_accuracy": 0.36107475556239893,
    "final_loss": 1.699487440985412,
    "precision": 0.23806741120291405,
    "recall": 0.344864944482638,
    "f1_score": 0.22993070539219945,
    "auc": 0.7824802264894347,
    "per_class_precision": [
        0.2900826446280992,
        0.362565445026178,
        0.3497615262321145,
        0.014538558786346398,
        0.08082706766917293,
        0.9123931623931624,
        0.23734177215189872,
        0.012727272727272728,
        0.009988901220865706,
        0.11044776119402985
    ],
    "per_class_recall": [
        0.33782483156881615,
        0.7166882276843467,
        0.6547619047619048,
        0.45098039215686275,
        0.22279792746113988,
        0.35800694693975327,
        0.27223230490018147,
        0.1794871794871795,
        0.17647058823529413,
        0.07939914163090128
    ],
    "per_class_f1": [
        0.31213872832369943,
        0.4815297696653629,
        0.45595854922279794,
        0.028169014084507043,
        0.11862068965517242,
        0.5142365591397849,
        0.25359256128486896,
        0.023769100169779286,
        0.018907563025210083,
        0.09238451935081149
    ],
    "number_of_epochs": 50,
    "hidden_channels": 256,
    "dropout_rate": 0.3586048021647387,
    "learning_rate": 4.5612653598401295e-05,
    "weight_decay": 0.0003890473691431788,
    "heads": 16,
    "use_graphnorm": true,
    "use_third_layer": false,
    "best_epoch": 47,
    "best_f1": 0.25323565321652336,
    "early_stopping": false,
    "ID_model": "optuna_gat_balanced_19",
    "timestamp": "2025-08-01 09:13:43",
    "num_classes": 10
}