{
    "final_accuracy": 0.33520671337285396,
    "final_loss": 1.7450638721729148,
    "precision": 0.22777093008966767,
    "recall": 0.2920866148027235,
    "f1_score": 0.21264982637747978,
    "auc": 0.7539060364452497,
    "per_class_precision": [
        0.21067880794701987,
        0.2799597180261833,
        0.5242966751918159,
        0.013435700575815739,
        0.07520891364902507,
        0.8715396578538103,
        0.1848341232227488,
        0.006017505470459519,
        0.009019165727170236,
        0.1027190332326284
    ],
    "per_class_recall": [
        0.4898941289701636,
        0.7192755498059509,
        0.6101190476190477,
        0.13725490196078433,
        0.13989637305699482,
        0.3356090549766439,
        0.11796733212341198,
        0.14102564102564102,
        0.1568627450980392,
        0.07296137339055794
    ],
    "per_class_f1": [
        0.2946454413892909,
        0.4030445813700616,
        0.5639614855570839,
        0.024475524475524476,
        0.09782608695652174,
        0.4846074022829471,
        0.14401772525849335,
        0.011542497376705142,
        0.017057569296375266,
        0.08531994981179424
    ],
    "number_of_epochs": 50,
    "hidden_channels": 64,
    "dropout_rate": 0.3973017501619383,
    "learning_rate": 0.00012005623482018938,
    "weight_decay": 0.00039917144962979236,
    "heads": 16,
    "use_graphnorm": true,
    "use_third_layer": false,
    "best_epoch": 44,
    "best_f1": 0.2241969519373405,
    "early_stopping": false,
    "ID_model": "optuna_gat_balanced_10",
    "timestamp": "2025-08-01 00:14:01",
    "num_classes": 10
}