{
    "final_accuracy": 0.41781507429363307,
    "final_loss": 1.5089152336414224,
    "precision": 0.27647390704790725,
    "recall": 0.295068191825148,
    "f1_score": 0.24845735964502408,
    "auc": 0.7665677599449896,
    "per_class_precision": [
        0.4583333333333333,
        0.5305651672433679,
        0.5011933174224343,
        0.008888888888888889,
        0.084375,
        0.8654464506554539,
        0.1889587984574792,
        0.0125,
        0.010582010582010581,
        0.1038961038961039
    ],
    "per_class_recall": [
        0.2646775745909528,
        0.5950840879689522,
        0.625,
        0.1568627450980392,
        0.13989637305699482,
        0.4190921068391424,
        0.5632183908045977,
        0.01282051282051282,
        0.1568627450980392,
        0.017167381974248927
    ],
    "per_class_f1": [
        0.33557046979865773,
        0.5609756097560976,
        0.5562913907284768,
        0.016824395373291272,
        0.10526315789473684,
        0.5647191736604261,
        0.28297872340425534,
        0.012658227848101266,
        0.01982651796778191,
        0.029465930018416207
    ],
    "number_of_epochs": 50,
    "hidden_channels": 64,
    "dropout_rate": 0.42000696382762087,
    "learning_rate": 8.614650629597561e-05,
    "weight_decay": 0.0006324263287916341,
    "heads": 16,
    "use_graphnorm": true,
    "use_third_layer": false,
    "best_epoch": 45,
    "best_f1": 0.2600220839800441,
    "early_stopping": false,
    "ID_model": "optuna_gat_balanced_12",
    "timestamp": "2025-08-01 01:31:02",
    "num_classes": 10
}