{
    "final_accuracy": 0.06728770498113788,
    "final_loss": 2.8111244962720447,
    "precision": 0.11413528237726434,
    "recall": 0.2829371734575077,
    "f1_score": 0.12099520177398446,
    "auc": 0.6796299376445696,
    "per_class_precision": [
        0.0,
        0.30857966834895456,
        0.3893280632411067,
        0.006748207507380852,
        0.06641366223908918,
        0.0,
        0.23921568627450981,
        0.009345794392523364,
        0.007055075102412381,
        0.11466666666666667
    ],
    "per_class_recall": [
        0.0,
        0.553686934023286,
        0.5863095238095238,
        0.6274509803921569,
        0.18134715025906736,
        0.0,
        0.03690260133091349,
        0.05128205128205128,
        0.6078431372549019,
        0.18454935622317598
    ],
    "per_class_f1": [
        0.0,
        0.3962962962962963,
        0.4679334916864608,
        0.013352806175672857,
        0.09722222222222222,
        0.0,
        0.0639412997903564,
        0.015810276679841896,
        0.013948256467941508,
        0.14144736842105263
    ],
    "number_of_epochs": 50,
    "hidden_channels": 256,
    "dropout_rate": 0.2690178169863475,
    "learning_rate": 0.00022140763666863683,
    "weight_decay": 1.3173242193483465e-06,
    "heads": 4,
    "use_graphnorm": true,
    "use_third_layer": false,
    "best_epoch": 49,
    "best_f1": 0.12245683944618177,
    "early_stopping": false,
    "ID_model": "optuna_gat_balanced_8",
    "timestamp": "2025-07-31 23:25:22",
    "num_classes": 10
}