{
    "final_accuracy": 0.19454923396720303,
    "final_loss": 2.0481519041390253,
    "precision": 0.14039121178570296,
    "recall": 0.21690102602273148,
    "f1_score": 0.10682668696100088,
    "auc": 0.6755822121447211,
    "number_of_epochs": 50,
    "hidden_channels": 64,
    "dropout_rate": 0.2,
    "learning_rate": 0.0001,
    "weight_decay": 0.0001,
    "heads": 1,
    "use_graphnorm": false,
    "use_third_layer": false,
    "best_epoch": 0,
    "best_f1": 0,
    "early_stopping": false,
    "ID_model": "new_balanced_GAT",
    "timestamp": "2025-07-30 19:14:46",
    "num_classes": 10
}