Epoch,Loss,Train Accuracy,Train Macro F1,Test Accuracy,Test Macro F1,Test Loss,Min Class F1,Max Class F1
1,1.7818925403095232,0.10322593063094276,0.02664591981194269,0.003849411040110863,0.001190581911661603,3.3794875513450267,0.0,0.011451273662070577
2,1.7064742446679788,0.11302305885976056,0.03965273524129924,0.005312187235352991,0.004121591345082674,3.3943997276534,0.0,0.02292768959435626
