{
    "final_accuracy": 0.5376087458618831,
    "final_loss": 4.101781160520216,
    "precision": 0.15102842968867938,
    "recall": 0.12925644322803914,
    "f1_score": 0.10312665933643703,
    "auc": 0.7716230328802393,
    "per_class_precision": [
        0.6,
        0.0,
        0.0,
        0.0,
        0.0,
        0.6863858294538435,
        0.2238984674329502,
        0.0,
        0.0,
        0.0
    ],
    "per_class_recall": [
        0.0028873917228103944,
        0.0,
        0.0,
        0.0,
        0.0,
        0.7240388070427596,
        0.5656382335148216,
        0.0,
        0.0,
        0.0
    ],
    "per_class_f1": [
        0.005747126436781609,
        0.0,
        0.0,
        0.0,
        0.0,
        0.704709722546048,
        0.3208097443815406,
        0.0,
        0.0,
        0.0
    ],
    "number_of_epochs": 200,
    "hidden_channels": 64,
    "dropout_rate": 0.42000696382762087,
    "learning_rate": 8.614650629597561e-05,
    "weight_decay": 0.0006324263287916341,
    "heads": 16,
    "use_graphnorm": true,
    "use_third_layer": true,
    "best_epoch": 19,
    "best_f1": 0.23272360425087832,
    "early_stopping": false,
    "ID_model": "final_configuration",
    "timestamp": "2025-08-01 22:21:19",
    "num_classes": 10,
    "use_adamW": false,
    "model_type": "gat",
    "feature_selection": "target",
    "loss_weight": false,
    "use_balanced_sampling": true,
    "use_focal_loss": true,
    "focal_alpha": 1.508635043891063,
    "focal_gamma": 3.9810245669919926,
    "use_data_balancing": true,
    "target_samples_per_class": 5000,
    "max_oversampling_ratio": 1.5296994916570261
}