{
    "final_accuracy": 0.16937408576487797,
    "final_loss": 2.2996590539739636,
    "precision": 0.10817974241864506,
    "recall": 0.1837707324883445,
    "f1_score": 0.06640025721869516,
    "auc": 0.6213707506144666,
    "per_class_precision": [
        0.10908385093167702,
        0.06956521739130435,
        0.0,
        0.01124859392575928,
        0.031686541737649065,
        0.8066169617893756,
        0.0,
        0.0,
        0.008945095619987662,
        0.044651162790697675
    ],
    "per_class_recall": [
        0.27045235803657364,
        0.01034928848641656,
        0.0,
        0.19607843137254902,
        0.48186528497409326,
        0.20733021918792668,
        0.0,
        0.0,
        0.5686274509803921,
        0.10300429184549356
    ],
    "per_class_f1": [
        0.15546334716459198,
        0.018018018018018018,
        0.0,
        0.02127659574468085,
        0.05946291560102302,
        0.3298713673177704,
        0.0,
        0.0,
        0.017613118736714242,
        0.06229720960415315
    ],
    "number_of_epochs": 50,
    "hidden_channels": 64,
    "dropout_rate": 0.2,
    "learning_rate": 0.0001,
    "weight_decay": 0.0001,
    "heads": 1,
    "use_graphnorm": false,
    "use_third_layer": false,
    "best_epoch": 36,
    "best_f1": 0.08092600136341674,
    "early_stopping": false,
    "ID_model": "baseline_gcn",
    "timestamp": "2025-07-31 17:39:04",
    "num_classes": 10
}