{
    "final_accuracy": 0.10670567403187313,
    "final_loss": 2.767795087081458,
    "precision": 0.18105647299155164,
    "recall": 0.23510211744372236,
    "f1_score": 0.08248179898490939,
    "auc": 0.7234579191837434,
    "per_class_precision": [
        0.2028169014084507,
        0.17431761786600497,
        0.10346320346320347,
        0.0,
        0.18181818181818182,
        1.0,
        0.09363295880149813,
        0.0,
        0.0,
        0.05451586655817738
    ],
    "per_class_recall": [
        0.13859480269489893,
        0.7270375161707633,
        0.7113095238095238,
        0.0,
        0.031088082901554404,
        0.008983111749910169,
        0.015124016938898971,
        0.0,
        0.0,
        0.7188841201716738
    ],
    "per_class_f1": [
        0.1646655231560892,
        0.28121090818113587,
        0.18065003779289493,
        0.0,
        0.05309734513274336,
        0.017806267806267807,
        0.026041666666666668,
        0.0,
        0.0,
        0.10134624111329602
    ],
    "number_of_epochs": 50,
    "hidden_channels": 256,
    "dropout_rate": 0.2544109792783531,
    "learning_rate": 0.0005435866035937265,
    "weight_decay": 5.440325103021204e-05,
    "heads": 8,
    "use_graphnorm": true,
    "use_third_layer": false,
    "best_epoch": 40,
    "best_f1": 0.11429792847174074,
    "early_stopping": false,
    "ID_model": "optuna_gat_balanced_7",
    "timestamp": "2025-07-31 22:48:41",
    "num_classes": 10
}