{
    "final_accuracy": 0.11532835476172146,
    "final_loss": 2.200990773186895,
    "precision": 0.11247312666108825,
    "recall": 0.24344804406353604,
    "f1_score": 0.07973472507816512,
    "auc": 0.674532866385279,
    "per_class_precision": [
        0.11951588502269289,
        0.1414595452141724,
        0.10562015503875968,
        0.010752688172043012,
        0.04827586206896552,
        0.6500672947510094,
        0.0,
        0.0,
        0.005917159763313609,
        0.04312267657992565
    ],
    "per_class_recall": [
        0.07603464870067372,
        0.6921086675291074,
        0.6488095238095238,
        0.0392156862745098,
        0.5803108808290155,
        0.05785123966942149,
        0.0,
        0.0,
        0.21568627450980393,
        0.12446351931330472
    ],
    "per_class_f1": [
        0.09294117647058824,
        0.2349066959385291,
        0.18166666666666667,
        0.016877637130801686,
        0.08913649025069638,
        0.10624725032996041,
        0.0,
        0.0,
        0.011518324607329843,
        0.06405300938707896
    ],
    "number_of_epochs": 50,
    "hidden_channels": 128,
    "dropout_rate": 0.34670050827764853,
    "learning_rate": 1.8195873354316876e-05,
    "weight_decay": 1.771786751409321e-05,
    "heads": 8,
    "use_graphnorm": true,
    "use_third_layer": false,
    "best_epoch": 31,
    "best_f1": 0.08625508993078572,
    "early_stopping": false,
    "ID_model": "optuna_gat_balanced_1",
    "timestamp": "2025-07-31 20:00:49",
    "num_classes": 10
}