{
    "final_accuracy": 0.1324967280006159,
    "final_loss": 3.1724995486254763,
    "precision": 0.14846624869079855,
    "recall": 0.21474328179304436,
    "f1_score": 0.07715523347694905,
    "auc": 0.6537119642919407,
    "per_class_precision": [
        0.14388489208633093,
        0.12809217214503557,
        0.07149532710280374,
        0.0,
        0.045616818722729074,
        0.8498683055311677,
        0.16666666666666666,
        0.014084507042253521,
        0.006130268199233717,
        0.058823529411764705
    ],
    "per_class_recall": [
        0.019249278152069296,
        0.4890038809831824,
        0.45535714285714285,
        0.0,
        0.5958549222797928,
        0.11594202898550725,
        0.006049606775559589,
        0.02564102564102564,
        0.3137254901960784,
        0.12660944206008584
    ],
    "per_class_f1": [
        0.03395585738539898,
        0.20300751879699247,
        0.12358642972536349,
        0.0,
        0.0847457627118644,
        0.20404721753794267,
        0.011675423234092236,
        0.01818181818181818,
        0.012025554302893648,
        0.08032675289312458
    ],
    "number_of_epochs": 50,
    "hidden_channels": 64,
    "dropout_rate": 0.2,
    "learning_rate": 0.0001,
    "weight_decay": 0.0001,
    "heads": 1,
    "use_graphnorm": false,
    "use_third_layer": false,
    "best_epoch": 2,
    "best_f1": 0.10646436437846382,
    "early_stopping": false,
    "ID_model": "balanced_gat",
    "timestamp": "2025-07-31 23:04:55",
    "num_classes": 10
}